Company Name,Industry,Sub-Industry,Company type,Level of Office,Location
3M India Ltd," Electrical , Electronics, Food , FMCG , Agriculture, Office Automation , Stationery, Pharmaceuticals , Labs"," FMCG, Equipments , Machines , Surgical Products, Electrical , Electronics", India's Top 500, Head Office," Bangalore / Bengaluru / Karnataka 
	- 560001"
Aarti Drugs Ltd," Pharmaceuticals , Labs", Pharmaceuticals, India's Top 500, Head Office," Mumbai / Maharashtra 
	- 400022"
Aarti Industries Ltd, Chemical, Industrial Chemical, India's Top 500, Head Office," Mumbai / Maharashtra 
	- 400080"
Aban Offshore Ltd," Petroleum , Oil , Gas , Refineries"," Exploration , Production , Storage", India's Top 500, Head Office," Chennai / Tamil Nadu 
	- 600008"
ABB India Ltd," Electrical , Electronics"," Electrical , Electronics", India's Top 500, Head Office," Bangalore / Bengaluru / Karnataka 
	- 560055"
Abbott India Ltd," Pharmaceuticals , Labs", Pharmaceuticals, India's Top 500, Head Office," Mumbai / Maharashtra 
	- 400071"
ACB India Ltd," Mineral , Metal , Mining", Mining, India's Top 500, Head Office," Gurgaon / Gurugram / Haryana 
	- 122001"
ACC Ltd," Cement , Marble , Stone etc", India's Top 500,ce: Head Office," / Maharashtra 
	- 400020"," Mumbai / Maharashtra 
	- 400020"
Adani Enterprises Ltd," Construction, Infrastructure, Power , Energy"," Housing , Commercial, Energy , Power Generation", India's Top 500, Head Office," Ahmedabad / Gujarat 
	- 380009"
Adani Ports and Special Economic Zone Ltd," Shipping , Marine", Shipping Agents, India's Top 500, Head Office," Ahmedabad / Gujarat 
	- 380009"
Adani Power Ltd," Power , Energy"," Energy , Power Generation, Distribution , Storage", India's Top 500, Head Office," Ahmedabad / Gujarat 
	- 380015"
Aditya Birla Fashion and Retail Ltd ( Pantaloons )," Retail, E -Commerce", Apparel Stores, India's Top 500, Head Office," Mumbai / Maharashtra 
	- 400059"
AIA Engineering Ltd, Engineering," Machineries , Instruments", India's Top 500, Head Office," Ahmedabad / Gujarat 
	- 382410"
Ajanta India Ltd," Telecommunication , Mobile"," Telecom Infrastructure , Equipments", India's Top 500, Head Office," Morbi / Gujarat 
	- 363641"
Ajanta Pharma Ltd," Pharmaceuticals , Labs", Pharmaceuticals, India's Top 500, Head Office," Mumbai / Maharashtra 
	- 400067"
Akzo Nobel India Ltd, Chemical," Paints , Adhesives", India's Top 500, Head Office," Gurgaon / Gurugram / Haryana 
	- 122002"
Alembic Pharmaceuticals Ltd," Pharmaceuticals , Labs", Pharmaceuticals, India's Top 500, Head Office," Vadodara / Gujarat 
	- 390003"
Alfa Laval India Ltd, Engineering," Machineries , Instruments", India's Top 500, Head Office," Pune / Maharashtra 
	- 411045"
Alkem Laboratories Ltd," Pharmaceuticals , Labs"," Diagnostic , Testing Labs", India's Top 500, Head Office," Mumbai / Maharashtra 
	- 400013"
Allahabad Bank, BFSI, Banks, India's Top 500, Head Office," Kolkata / West Bengal 
	- 700001"
Amara Raja Batteries Ltd," Electrical , Electronics"," Electrical , Electronics", India's Top 500, Head Office," Tirupathi / Andhra Pradesh 
	- 517520"
Ambuja Cements Ltd," Cement , Marble , Stone etc", India's Top 500,ce: Head Office," / Maharashtra 
	- 400059"," Mumbai / Maharashtra 
	- 400059"
Amrapali Industries Ltd, BFSI, Financial Services, India's Top 500, Head Office," Ahmedabad / Gujarat 
	- 380009"
Andhra Bank, BFSI, Banks, India's Top 500, Head Office," Hyderabad / Telangana 
	- 500004"
Apar Industries Ltd," Electrical , Electronics, Petroleum , Oil , Gas , Refineries, Power , Energy"," Energy , Power Generation, Equipments, Petrol , Oil , Gas Products, Electrical , Electronics", India's Top 500, Head Office," Mumbai / Maharashtra 
	- 400071"
Apl Apollo Tubes Ltd, Iron & Steel, Iron & Steel, India's Top 500, Head Office," Ghaziabad / Uttar Pradesh 
	- 201010"
Apollo Hospitals Enterprises Ltd," Hospitals , Healthcare", Hospitals, India's Top 500, Head Office," Chennai / Tamil Nadu 
	- 600006"
Apollo Tyres Ltd," Automobile , Auto Ancillaries", Auto Ancillaries, India's Top 500, Head Office," Gurgaon / Gurugram / Haryana 
	- 122002"
Arvind Ltd," Garment , Textile"," Yarn , Fibre , Thread , Textile ,Accessories, Readymade Garments", India's Top 500, Head Office," Ahmedabad / Gujarat 
	- 380025"
Asahi India Glass Ltd," Construction, Infrastructure", Glass & Accessories, India's Top 500, Head Office," Gurgaon / Gurugram / Haryana 
	- 122002"
Ashok Leyland Ltd," Automobile , Auto Ancillaries", Automobiles, India's Top 500, Head Office," Chennai / Tamil Nadu 
	- 600032"
Ashoka Buildcon Ltd," Construction, Infrastructure"," Housing , Commercial", India's Top 500, Head Office," Nashik / Maharashtra 
	- 422011"
Asian Paints Ltd, Chemical," Paints , Adhesives", India's Top 500, Head Office," Mumbai / Maharashtra 
	- 400055"
Asian Star Company Ltd," Gems , Jewellery , Watches"," Gems , Jewellery", India's Top 500, Head Office," Mumbai / Maharashtra 
	- 400021"
Astral Poly Technik Ltd," Chemical, Engineering"," Plastics , Rubber , Resins , Polymers, Machineries , Instruments", India's Top 500, Head Office," Ahmedabad / Gujarat 
	- 380059"
Atul Ltd, Chemical, Industrial Chemical, India's Top 500, Head Office," Valsad / Gujarat 
	- 396020"
AU Small Finance Bank Ltd, BFSI, Financial Services, India's Top 500, Head Office," Jaipur / Rajasthan 
	- 302001"
Aurobindo Pharma Ltd," Pharmaceuticals , Labs", Pharmaceuticals, India's Top 500, Head Office," Hyderabad / Telangana 
	- 500084"
Avanti Feeds Ltd," Food , FMCG , Agriculture"," Food Processing, Animal Husbandry , Poultry", India's Top 500, Head Office," Hyderabad / Telangana 
	- 500082"
AXIS Bank Ltd, BFSI, Banks, India's Top 500, Head Office," Mumbai / Maharashtra 
	- 400025"
Bajaj Auto Ltd," Automobile , Auto Ancillaries", Automobiles, India's Top 500, Head Office," Pune / Maharashtra 
	- 411035"
Bajaj Electricals Ltd," Consumer Durables, Home Appliances, Electrical , Electronics"," Consumer Goods, Electrical , Electronics", India's Top 500, Head Office," Mumbai / Maharashtra 
	- 400023"
Bajaj Hindusthan Sugar Ltd," Food , FMCG , Agriculture", Sugar, India's Top 500, Head Office," Lucknow / Uttar Pradesh 
	- 226010"
Balkrishna Industries Ltd (BKT)," Automobile , Auto Ancillaries", Auto Ancillaries, India's Top 500, Head Office," Mumbai / Maharashtra 
	- 400013"
Balmer Lawrie & Co. Ltd," Chemical, Courier , Logistics , Packaging , Transport"," Industrial Chemical, Courier , Logistics , Warehouse , Transport, Packaging-Material , Machinery", India's Top 500, Head Office," Kolkata / West Bengal 
	- 700001"
Balrampur Chini Mills Ltd," Food , FMCG , Agriculture", Sugar, India's Top 500, Head Office," Kolkata / West Bengal 
	- 700020"
Banco Products India Ltd," Automobile , Auto Ancillaries", Auto Ancillaries, India's Top 500, Head Office," Vadodara / Gujarat 
	- 390005"
Bank Of Baroda, BFSI, Banks, India's Top 500, Head Office," Mumbai / Maharashtra 
	- 400051"
Bank Of India, BFSI, Banks, India's Top 500, Head Office," Mumbai / Maharashtra 
	- 400051"
Bank Of Maharashtra, BFSI, Banks, India's Top 500, Head Office," Pune / Maharashtra 
	- 411005"
BASF India Ltd, Chemical, Industrial Chemical, India's Top 500, Head Office," Mumbai / Maharashtra 
	- 400705"
Bata India Ltd," Retail, Leather , Accessories", Leather & Accessories, India's Top 500, Head Office," Gurgaon / Gurugram / Haryana 
	- 122002"
Bayer CropScience Ltd, Chemical, Agro Chemical, India's Top 500, Head Office," Mumbai / Maharashtra 
	- 400607"
BEML Ltd," Capital Goods , Machines", India's Top 500,ce: Head Office,"ore / Bengaluru / Karnataka 
	- 560027"," Bangalore / Bengaluru / Karnataka 
	- 560027"
Berger Paints India Ltd, Chemical," Paints , Adhesives", India's Top 500, Head Office," Kolkata / West Bengal 
	- 700017"
BGR Energy Systems Ltd," Environment, Petroleum , Oil , Gas , Refineries, Power , Energy, Engineering"," Environment Engineering, Machineries , Instruments, Machineries & Equipments, Solar Energy", India's Top 500, Head Office," Chennai / Tamil Nadu 
	- 600018"
Bharat Electronics Ltd," Electrical , Electronics"," Electrical , Electronics", India's Top 500, Head Office," Bangalore / Bengaluru / Karnataka 
	- 560013"
Bharat Forge Ltd, Engineering," Machineries , Instruments", India's Top 500, Head Office," Pune / Maharashtra 
	- 411036"
Bharat Heavy Electricals Ltd," Power , Energy, Engineering, Capital Goods , Machines"," Equipments, Machineries , Instruments", India's Top 500, Head Office," New Delhi / Delhi 
	- 110049"
Bharat Petroleum Corporation Ltd," Petroleum , Oil , Gas , Refineries"," Exploration , Production , Storage, Distribution , Marketing", India's Top 500, Head Office," Mumbai / Maharashtra 
	- 400001"
Bharti Airtel Ltd," Telecommunication , Mobile", Telecom VAS, India's Top 500, Head Office," Gurgaon / Gurugram / Haryana 
	- 122001"
Bharti Infratel Ltd.," Telecommunication , Mobile"," Telecom Infrastructure , Equipments", India's Top 500, Head Office," Gurgaon / Gurugram / Haryana 
	- 122001"
Biocon Ltd," Pharmaceuticals , Labs", Pharmaceuticals, India's Top 500, Head Office," Bangalore / Bengaluru / Karnataka 
	- 560100"
Birla Corporation Ltd," Cement , Marble , Stone etc", India's Top 500,ce: Head Office,"a / West Bengal 
	- 700001"," Kolkata / West Bengal 
	- 700001"
Blue Dart Express Ltd," Courier , Logistics , Packaging , Transport"," Courier , Logistics , Warehouse , Transport", India's Top 500, Head Office," Mumbai / Maharashtra 
	- 400099"
Blue Star Ltd," Consumer Durables, Home Appliances", Consumer Goods, India's Top 500, Head Office," Mumbai / Maharashtra 
	- 400020"
Bombay Dyeing and Manufacturing Company Ltd," Retail, Garment , Textile"," Furnishings, Furniture , Furnishing , Sanitary Outlets", India's Top 500, Head Office," Mumbai / Maharashtra 
	- 400025"
Bombay Rayon Fashions Ltd," Retail, Garment , Textile"," Readymade Garments, Apparel Stores", India's Top 500, Head Office," Mumbai / Maharashtra 
	- 400054"
Bosch Ltd," Automobile , Auto Ancillaries", Auto Ancillaries, India's Top 500, Head Office," Bangalore / Bengaluru / Karnataka 
	- 560030"
Britannia Industries Ltd.," Food , FMCG , Agriculture", FMCG, India's Top 500, Head Office," Bangalore / Bengaluru / Karnataka 
	- 560048"
BS Ltd," Power , Energy, Telecommunication , Mobile"," Telecom Infrastructure , Equipments, Electrical , Power Infrastructure", India's Top 500, Head Office," Hyderabad / Telangana 
	- 500034"
Cadila Healthcare Ltd (Zydus)," Pharmaceuticals , Labs", Pharmaceuticals, India's Top 500, Head Office," Ahmedabad / Gujarat 
	- 380015"
Canara Bank, BFSI, Banks, India's Top 500, Head Office," Bangalore / Bengaluru / Karnataka 
	- 560002"
Capital First Ltd, BFSI, Financial Services, India's Top 500, Head Office," Mumbai / Maharashtra 
	- 400013"
Carborundum Universal Ltd," Cement , Marble , Stone etc", India's Top 500,ce: Head Office,"i / Tamil Nadu 
	- 600001"," Chennai / Tamil Nadu 
	- 600001"
Castrol India Ltd," Petroleum , Oil , Gas , Refineries"," Petrol , Oil , Gas Products", India's Top 500, Head Office," Mumbai / Maharashtra 
	- 400093"
Ceat Ltd," Automobile , Auto Ancillaries", Auto Ancillaries, India's Top 500, Head Office," Mumbai / Maharashtra 
	- 400030"
Central Bank Of India., BFSI, Banks, India's Top 500, Head Office," Mumbai / Maharashtra 
	- 400021"
Century Enka Ltd," Garment , Textile"," Yarn , Fibre , Thread , Textile ,Accessories", India's Top 500, Head Office," Mumbai / Maharashtra 
	- 400020"
Century Plyboards India Ltd.," Wood , Plastic  Furniture , Fixtures , Fittings", India's Top 500,ce: Head Office,"a / West Bengal 
	- 700001"," Kolkata / West Bengal 
	- 700001"
Century Textiles & Industries Ltd," Garment , Textile"," Yarn , Fibre , Thread , Textile ,Accessories", India's Top 500, Head Office," Mumbai / Maharashtra 
	- 400030"
CESC Ltd," Power , Energy"," Energy , Power Generation, Distribution , Storage", India's Top 500, Head Office," Kolkata / West Bengal 
	- 700072"
CG Power and Industrial Solutions Ltd (Crompton Greaves)," Electrical , Electronics"," Electrical , Electronics", India's Top 500, Head Office," Mumbai / Maharashtra 
	- 400030"
Chambal Fertilisers & Chemicals Ltd, Chemical, Agro Chemical, India's Top 500, Head Office," New Delhi / Delhi 
	- 110025"
Chennai Petroleum Corp. Ltd," Petroleum , Oil , Gas , Refineries"," Petrol , Oil , Gas Products, Refineries", India's Top 500, Head Office," Chennai / Tamil Nadu 
	- 600018"
Cholamandalam Investment & Finance Co Ltd, BFSI, Financial Services, India's Top 500, Head Office," Chennai / Tamil Nadu 
	- 600001"
Cipla Ltd," Pharmaceuticals , Labs", Pharmaceuticals, India's Top 500, Head Office," Mumbai / Maharashtra 
	- 400013"
City Union Bank Ltd, BFSI, Banks, India's Top 500, Head Office," Kumbakonam / Tamil Nadu 
	- 612001"
Colgate - Palmolive India Ltd," Food , FMCG , Agriculture", FMCG, India's Top 500, Head Office," Mumbai / Maharashtra 
	- 400076"
Compuage Infocom Ltd, Information Technology (IT), IT- Hardware, India's Top 500, Head Office," Mumbai / Maharashtra 
	- 400063"
Container Corporation Of India Ltd," Courier , Logistics , Packaging , Transport"," Courier , Logistics , Warehouse , Transport", India's Top 500, Head Office," New Delhi / Delhi 
	- 110076"
Coromandel International Ltd., Chemical, Agro Chemical, India's Top 500, Head Office," Secunderabad / Telangana 
	- 500003"
Corporation Bank, BFSI, Banks, India's Top 500, Head Office," Mangalore / Karnataka 
	- 575001"
Cosmo Films Ltd," Courier , Logistics , Packaging , Transport"," Packaging-Material , Machinery", India's Top 500, Head Office," New Delhi / Delhi 
	- 110025"
Cox & Kings Ltd," Travel , Tourism"," Travel Agencies , Taxi Services", India's Top 500, Head Office," Mumbai / Maharashtra 
	- 400001"
CRISIL Ltd, BFSI, Financial Services, India's Top 500, Head Office," Mumbai / Maharashtra 
	- 400093"
Cummins India Ltd," Electrical , Electronics, Power , Energy, Engineering, Capital Goods , Machines"," Equipments, Machineries , Instruments, Electrical , Electronics", India's Top 500, Head Office," Pune / Maharashtra 
	- 411045"
Cyient Ltd, Information Technology (IT)," IT Software , QA -Testing", India's Top 500, Head Office," Hyderabad / Telangana 
	- 500081"
Dabur India Ltd," Food , FMCG , Agriculture"," FMCG, Food Processing", India's Top 500, Head Office," Ghaziabad / Uttar Pradesh 
	- 201010"
Dalmia Bharat Sugar & Industries Ltd," Food , FMCG , Agriculture", Sugar, India's Top 500, Head Office," New Delhi / Delhi 
	- 110001"
DB Corp Ltd," Advertising , Media"," Newspapers ,  Magazines , Journals", India's Top 500, Head Office," Bhopal / Madhya Pradesh 
	- 462011"
DCB Bank Ltd, BFSI, Banks, India's Top 500, Head Office," Mumbai / Maharashtra 
	- 400013"
DCM Shriram Ltd," Chemical, Cement , Marble , Stone etc"," Agro Chemical, Industrial Chemical", India's Top 500, Head Office," New Delhi / Delhi 
	- 110001"
DCW Ltd, Chemical, Industrial Chemical, India's Top 500, Head Office," Mumbai / Maharashtra 
	- 400021"
Deepak Fertilisers & Petrochemicals Corporation Ltd, Chemical, Agro Chemical, India's Top 500, Head Office," Pune / Maharashtra 
	- 411036"
Deepak Nitrite Ltd, Chemical, Industrial Chemical, India's Top 500, Head Office," Vadodara / Gujarat 
	- 390024"
Dena Bank, BFSI, Banks, India's Top 500, Head Office," Mumbai / Maharashtra 
	- 400051"
Dewan Housing Finance Corporation Ltd, BFSI, Financial Services, India's Top 500, Head Office," Mumbai / Maharashtra 
	- 400099"
Dhampur Sugar Mills Ltd," Food , FMCG , Agriculture", Sugar, India's Top 500, Head Office," New Delhi / Delhi 
	- 110020"
Dhanlaxmi Bank Ltd, BFSI, Banks, India's Top 500, Head Office," Thrissur / Kerala 
	- 680001"
Diamond Power Infrastructure Ltd," Electrical , Electronics"," Electrical , Electronics", India's Top 500, Head Office," Vadodara / Gujarat 
	- 390003"
DishTV India Ltd," Advertising , Media"," TV Cable , Broadcast Networks", India's Top 500, Head Office," Noida / Uttar Pradesh 
	- 201301"
Divis Laboratories Ltd.," Pharmaceuticals , Labs"," Diagnostic , Testing Labs", India's Top 500, Head Office," Hyderabad / Telangana 
	- 500032"
DLF Ltd," Construction, Infrastructure"," Housing , Commercial", India's Top 500, Head Office," New Delhi / Delhi 
	- 110001"
Dominos Pizza India Ltd (Jubilant Food Works), Retail, Fast Food Outlets, India's Top 500, Head Office," Noida / Uttar Pradesh 
	- 201304"
Dr Reddys Laboratories Ltd," Pharmaceuticals , Labs"," Diagnostic , Testing Labs", India's Top 500, Head Office," Hyderabad / Telangana 
	- 500034"
Dynamatic Technologies Ltd, Engineering," Machineries , Instruments", India's Top 500, Head Office," Bangalore / Bengaluru / Karnataka 
	- 560058"
E.I.D Parry India Ltd, Chemical, Agro Chemical, India's Top 500, Head Office," Chennai / Tamil Nadu 
	- 600001"
Eicher Motors Ltd," Automobile , Auto Ancillaries", Automobiles, India's Top 500, Head Office," Gurgaon / Gurugram / Haryana 
	- 122001"
EIH Ltd (*****), Hotels & Restaurants, 5 Star Hotels, India's Top 500, Head Office," New Delhi / Delhi 
	- 110054"
Emami Ltd," Food , FMCG , Agriculture", FMCG, India's Top 500, Head Office," Kolkata / West Bengal 
	- 700107"
Emami Paper Mills Ltd," Paper , Publishing , Printing"," Pulp , Paper", India's Top 500, Head Office," Kolkata / West Bengal 
	- 700107"
Endurance Technologies Ltd," Engineering, Automobile , Auto Ancillaries"," Machineries , Instruments, Auto Ancillaries", India's Top 500, Head Office," Aurangabad / Maharashtra 
	- 431136"
Engineers India Ltd, Engineering," Machineries , Instruments", India's Top 500, Head Office," New Delhi / Delhi 
	- 110066"
Entertainment Network India Ltd( 98.3 FM Radio Mirchi )," Advertising , Media"," TV , Radio Channels , News Agency", India's Top 500, Head Office," Mumbai / Maharashtra 
	- 400013"
Escorts Ltd," Construction, Infrastructure, Automobile , Auto Ancillaries"," Construction Machinery, Auto Ancillaries", India's Top 500, Head Office," Faridabad / Haryana 
	- 121003"
Eveready Industries India Ltd," Consumer Durables, Home Appliances, Electrical , Electronics"," Consumer Goods, Electrical , Electronics", India's Top 500, Head Office," Kolkata / West Bengal 
	- 700019"
Everest Industries Ltd," Engineering, Cement , Marble , Stone etc"," Machineries , Instruments", India's Top 500, Head Office," Noida / Uttar Pradesh 
	- 201301"
Exide Industries Ltd," Electrical , Electronics"," Electrical , Electronics", India's Top 500, Head Office," Kolkata / West Bengal 
	- 700020"
Federal-Mogul Goetze India Ltd," Automobile , Auto Ancillaries", Auto Ancillaries, India's Top 500, Head Office," Gurgaon / Gurugram / Haryana 
	- 122002"
Finolex Cables Ltd," Electrical , Electronics"," Electrical , Electronics", India's Top 500, Head Office," Pune / Maharashtra 
	- 411018"
Finolex Industries Ltd," Electrical , Electronics"," Electrical , Electronics", India's Top 500, Head Office," Pune / Maharashtra 
	- 411019"
Firstsource Solutions Ltd," ITES - BPO , KPO , LPO , MT"," BPO , KPO , Call centre", India's Top 500, Head Office," Mumbai / Maharashtra 
	- 400064"
Force Motors Ltd," Automobile , Auto Ancillaries", Automobiles, India's Top 500, Head Office," Pune / Maharashtra 
	- 411035"
Fortis Healthcare Ltd," Hospitals , Healthcare", Hospitals, India's Top 500, Head Office," Gurgaon / Gurugram / Haryana 
	- 122001"
Future Consumer Ltd," Food , FMCG , Agriculture"," Agriculture , Horticulture", India's Top 500, Head Office," Mumbai / Maharashtra 
	- 400083"
Future Enterprises Ltd," Retail, Garment , Textile"," Readymade Garments, Fashion Designers, Associations, Furnishings, Apparel Stores", India's Top 500, Head Office," Mumbai / Maharashtra 
	- 400060"
Future Lifestyle Fashions Ltd, Retail, Apparel Stores, India's Top 500, Head Office," Mumbai / Maharashtra 
	- 400060"
Gabriel India Ltd," Automobile , Auto Ancillaries", Auto Ancillaries, India's Top 500, Head Office," Khed / Maharashtra 
	- 410501"
GAIL India Ltd," Petroleum , Oil , Gas , Refineries"," Exploration , Production , Storage, Distribution , Marketing", India's Top 500, Head Office," New Delhi / Delhi 
	- 110066"
Gammon India Ltd," Construction, Infrastructure, Power , Energy"," Infrastructure, Construction Engineering, Electrical , Power Infrastructure", India's Top 500, Head Office," Mumbai / Maharashtra 
	- 400025"
Garden Silk Mills Ltd," Garment , Textile"," Yarn , Fibre , Thread , Textile ,Accessories", India's Top 500, Head Office," Surat / Gujarat 
	- 395010"
Garware Wall Ropes Ltd, Chemical," Plastics , Rubber , Resins , Polymers", India's Top 500, Head Office," Pune / Maharashtra 
	- 411019"
Gayatri Projects Ltd," Construction, Infrastructure"," Housing , Commercial", India's Top 500, Head Office," Hyderabad / Telangana 
	- 500082"
GE Power India ( Alstom India Ltd )," Power , Energy"," Energy , Power Generation", India's Top 500, Head Office," Noida / Uttar Pradesh 
	- 201301"
GE T&D; India Ltd ( Alstom T&D; India Ltd )," Power , Energy"," Energy , Power Generation, Distribution , Storage", India's Top 500, Head Office," Noida / Uttar Pradesh 
	- 201301"
GHCL Ltd," Chemical, Garment , Textile"," Industrial Chemical, Yarn , Fibre , Thread , Textile ,Accessories", India's Top 500, Head Office," Noida / Uttar Pradesh 
	- 201301"
Gillette India Ltd(P & G)," Food , FMCG , Agriculture", FMCG, India's Top 500, Head Office," Mumbai / Maharashtra 
	- 400099"
GlaxoSmithkline Consumer Healthcare Ltd," Food , FMCG , Agriculture, Hospitals , Healthcare, Pharmaceuticals , Labs"," FMCG, Healthcare Services, Pharmaceuticals", India's Top 500, Head Office," Gurgaon / Gurugram / Haryana 
	- 122002"
GlaxoSmithKline Pharmaceuticals Ltd," Pharmaceuticals , Labs", Pharmaceuticals, India's Top 500, Head Office," Mumbai / Maharashtra 
	- 400030"
Glenmark Pharmaceuticals Ltd," Pharmaceuticals , Labs", Pharmaceuticals, India's Top 500, Head Office," Mumbai / Maharashtra 
	- 400026"
Globus Spirits Ltd," Food , FMCG , Agriculture", Beverages, India's Top 500, Head Office," New Delhi / Delhi 
	- 110065"
Godawari Power & Ispat Ltd," Power , Energy"," Energy , Power Generation", India's Top 500, Head Office," Raipur / Chattisgarh 
	- 493111"
Godfrey Phillips India Ltd," Food , FMCG , Agriculture", FMCG, India's Top 500, Head Office," New Delhi / Delhi 
	- 110065"
Godrej Agrovet Ltd," Food , FMCG , Agriculture", Food Processing, India's Top 500, Head Office," Mumbai / Maharashtra 
	- 400079"
Godrej Consumer Products Ltd.," Food , FMCG , Agriculture"," Agriculture , Horticulture", India's Top 500, Head Office," Mumbai / Maharashtra 
	- 400079"
Godrej Industries Ltd," Chemical, Food , FMCG , Agriculture"," Industrial Chemical, Edible Oil , Products", India's Top 500, Head Office," Mumbai / Maharashtra 
	- 400079"
Gokul Agro Resources Ltd," Food , FMCG , Agriculture"," Edible Oil , Products", India's Top 500, Head Office," Ahmedabad / Gujarat 
	- 380060"
Gokul Refoils & Solvent Ltd," Food , FMCG , Agriculture"," Edible Oil , Products, Food Processing", India's Top 500, Head Office," Ahmedabad / Gujarat 
	- 380009"
Goodyear India Ltd," Automobile , Auto Ancillaries", Auto Ancillaries, India's Top 500, Head Office," New Delhi / Delhi 
	- 110025"
Granules India Ltd," Pharmaceuticals , Labs", Pharmaceuticals, India's Top 500, Head Office," Hyderabad / Telangana 
	- 500081"
Graphite India Ltd., Engineering," Machineries , Instruments", India's Top 500, Head Office," Kolkata / West Bengal 
	- 700016"
Grasim Industries Ltd," Garment , Textile"," Yarn , Fibre , Thread , Textile ,Accessories", India's Top 500, Head Office," Mumbai / Maharashtra 
	- 400030"
Greaves Cotton Ltd, Engineering," Machineries , Instruments", India's Top 500, Head Office," Mumbai / Maharashtra 
	- 400025"
Greenply Industries Ltd," Wood , Plastic  Furniture , Fixtures , Fittings", India's Top 500,ce: Head Office,"a / West Bengal 
	- 700027"," Kolkata / West Bengal 
	- 700027"
GTL Ltd," Information Technology (IT), Telecommunication , Mobile"," IT- Network Admin , Database , Datacenter , Security, Telecom Infrastructure , Equipments", India's Top 500, Head Office," Mumbai / Maharashtra 
	- 400701"
Gujarat Alkalies & Chemicals Ltd, Chemical, Industrial Chemical, India's Top 500, Head Office," Vadodara / Gujarat 
	- 391346"
Gujarat Ambuja Exports Ltd," Export , Import  Houses, Food , FMCG , Agriculture"," Food Processing, Export Houses", India's Top 500, Head Office," Ahmedabad / Gujarat 
	- 380059"
Gujarat Fluoro Chemicals Ltd( Inox Group ), Chemical, Industrial Chemical, India's Top 500, Head Office," Noida / Uttar Pradesh 
	- 201301"
Gujarat Gas Ltd," Petroleum , Oil , Gas , Refineries"," Distribution , Marketing", India's Top 500, Head Office," Ahmedabad / Gujarat 
	- 380006"
Gujarat Industries Power Company Ltd," Power , Energy"," Energy , Power Generation, Distribution , Storage", India's Top 500, Head Office," Vadodara / Gujarat 
	- 391346"
Gujarat Mineral Development Corporation Ltd," Mineral , Metal , Mining", Non Metallic, India's Top 500, Head Office," Ahmedabad / Gujarat 
	- 380052"
Gujarat Narmada Valley Fertilizers & Chemicals Ltd, Chemical, Agro Chemical, India's Top 500, Head Office," Bharuch / Gujarat 
	- 392015"
Gujarat State Fertilizers & Chemicals Ltd, Chemical, Agro Chemical, India's Top 500, Head Office," Vadodara / Gujarat 
	- 391750"
Gujarat State Petronet Ltd," Petroleum , Oil , Gas , Refineries"," Distribution , Marketing", India's Top 500, Head Office," Ahmedabad / Gujarat 
	- 382028"
Gulf Oil Lubricants India Ltd," Petroleum , Oil , Gas , Refineries"," Petrol , Oil , Gas Products", India's Top 500, Head Office," Mumbai / Maharashtra 
	- 400093"
Hatsun Agro Products Ltd," Food , FMCG , Agriculture"," Dairy , Products", India's Top 500, Head Office," Chennai / Tamil Nadu 
	- 600097"
Havells India Ltd," Electrical , Electronics"," Electrical , Electronics", India's Top 500, Head Office," Noida / Uttar Pradesh 
	- 201304"
Hawkins Cookers Ltd," Consumer Durables, Home Appliances", Consumer Goods, India's Top 500, Head Office," Mumbai / Maharashtra 
	- 400005"
HBL Power Systems Ltd.," Electrical , Electronics"," Electrical , Electronics", India's Top 500, Head Office," Medchal / Telangana 
	- 500078"
HCL Infosystems Ltd, Information Technology (IT), IT- Hardware, India's Top 500, Head Office," Noida / Uttar Pradesh 
	- 201301"
HCL Technologies Ltd, Information Technology (IT)," IT Software , QA -Testing", India's Top 500, Head Office," Noida / Uttar Pradesh 
	- 201303"
HDFC Bank Ltd, BFSI, Banks, India's Top 500, Head Office," Mumbai / Maharashtra 
	- 400013"
HEG Ltd, Engineering," Machineries , Instruments", India's Top 500, Head Office," Noida / Uttar Pradesh 
	- 201301"
HeidelbergCement India Ltd," Cement , Marble , Stone etc", India's Top 500,ce: Head Office,"n / Gurugram / Haryana 
	- 122002"," Gurgaon / Gurugram / Haryana 
	- 122002"
Heritage Foods Ltd," Food , FMCG , Agriculture, Power , Energy, Retail"," Dairy , Products, Food Processing, Agriculture , Horticulture, Grocery Stores, Solar Energy", India's Top 500, Head Office," Hyderabad / Telangana 
	- 500082"
Hero MotoCorp Ltd," Automobile , Auto Ancillaries", Automobiles, India's Top 500, Head Office," New Delhi / Delhi 
	- 110057"
Hexaware Technologies Ltd, Information Technology (IT)," IT Software , QA -Testing", India's Top 500, Head Office," Mumbai / Maharashtra 
	- 400701"
Himachal Futuristic Communications Ltd (HFCL)," Telecommunication , Mobile", Telecom VAS, India's Top 500, Head Office," New Delhi / Delhi 
	- 110048"
Hindalco Industries Ltd," Mineral , Metal , Mining", Metallic, India's Top 500, Head Office," Mumbai / Maharashtra 
	- 400030"
Hinduja Global Solutions Ltd," ITES - BPO , KPO , LPO , MT"," BPO , KPO , Call centre", India's Top 500, Head Office," Bangalore / Bengaluru / Karnataka 
	- 560068"
Hindustan Construction Co. Ltd," Construction, Infrastructure"," Housing , Commercial", India's Top 500, Head Office," Mumbai / Maharashtra 
	- 400083"
Hindustan Copper Ltd," Mineral , Metal , Mining", Metallic, India's Top 500, Head Office," Kolkata / West Bengal 
	- 700019"
Hindustan Petroleum Corporation Ltd," Petroleum , Oil , Gas , Refineries"," Exploration , Production , Storage, Petrol , Oil , Gas Products, Refineries", India's Top 500, Head Office," Mumbai / Maharashtra 
	- 400020"
Hindustan Unilever Ltd," Food , FMCG , Agriculture", FMCG, India's Top 500, Head Office," Mumbai / Maharashtra 
	- 400099"
Hindustan Zinc Ltd," Mineral , Metal , Mining", Metallic, India's Top 500, Head Office," Udaipur / Rajasthan 
	- 313004"
Hindusthan National Glass & Industries Ltd," Courier , Logistics , Packaging , Transport"," Packaging-Material , Machinery", India's Top 500, Head Office," Jhajjar / Haryana 
	- 124507"
Hindusthan Urban Infrastructure Ltd," Electrical , Electronics"," Electrical , Electronics", India's Top 500, Head Office," New Delhi / Delhi 
	- 110001"
Honeywell Automation India Ltd, Engineering," Machineries , Instruments", India's Top 500, Head Office," Pune / Maharashtra 
	- 411013"
Housing Development Finance Corporation Ltd (HDFC Ltd), BFSI, Financial Services, India's Top 500, Head Office," Mumbai / Maharashtra 
	- 400020"
HSIL Ltd ( Hindware )," Construction, Infrastructure", Bathroom Access., India's Top 500, Head Office," Gurgaon / Gurugram / Haryana 
	- 122001"
HT Media Ltd," Advertising , Media"," Newspapers ,  Magazines , Journals", India's Top 500, Head Office," New Delhi / Delhi 
	- 110001"
ICICI Bank Ltd, BFSI, Banks, India's Top 500, Head Office," Mumbai / Maharashtra 
	- 400051"
IDBI Bank Ltd, BFSI, Banks, India's Top 500, Head Office," Mumbai / Maharashtra 
	- 400005"
IDEA Cellular Ltd (Aditya Birla Group)," Telecommunication , Mobile", Telecom VAS, India's Top 500, Head Office," Mumbai / Maharashtra 
	- 400098"
IDFC Bank Ltd, BFSI, Banks, India's Top 500, Head Office," Mumbai / Maharashtra 
	- 400051"
IFB Industries Ltd," Consumer Durables, Home Appliances", Consumer Goods, India's Top 500, Head Office," Kolkata / West Bengal 
	- 700088"
IG Petrochemicals Ltd," Petroleum , Oil , Gas , Refineries"," Petrol , Oil , Gas Products", India's Top 500, Head Office," Mumbai / Maharashtra 
	- 400021"
IL&FS; Engineering & Construction Co Ltd (Maytas).," Construction, Infrastructure"," Housing , Commercial", India's Top 500, Head Office," Hyderabad / Telangana 
	- 500033"
IL&FS; Transportation Networks Ltd," Construction, Infrastructure", Infrastructure, India's Top 500, Head Office," Mumbai / Maharashtra 
	- 400051"
India Glycols Ltd, Chemical, Industrial Chemical, India's Top 500, Head Office," Noida / Uttar Pradesh 
	- 201304"
Indiabulls Housing Finance Ltd, BFSI, Financial Services, India's Top 500, Head Office," Mumbai / Maharashtra 
	- 400013"
Indian Bank, BFSI, Banks, India's Top 500, Head Office," Chennai / Tamil Nadu 
	- 600014"
Indian Hotels Company Ltd (*****), Hotels & Restaurants, 5 Star Hotels, India's Top 500, Head Office," Mumbai / Maharashtra 
	- 400001"
Indian Metals & Ferro Alloys Ltd," Mineral , Metal , Mining", Metallic, India's Top 500, Head Office," Bhubaneswar / Orissa 
	- 751010"
Indian Oil Corporation Ltd," Petroleum , Oil , Gas , Refineries"," Exploration , Production , Storage, Distribution , Marketing", India's Top 500, Head Office," New Delhi / Delhi 
	- 110049"
Indian Overseas Bank, BFSI, Banks, India's Top 500, Head Office," Chennai / Tamil Nadu 
	- 600002"
Indo Rama Synthetics (India) Ltd (Uniworth)," Garment , Textile", Textile Machines, India's Top 500, Head Office," Gurgaon / Gurugram / Haryana 
	- 122002"
Indraprastha Gas Ltd ( IGL )," Petroleum , Oil , Gas , Refineries"," Distribution , Marketing", India's Top 500, Head Office," New Delhi / Delhi 
	- 110022"
Indraprastha Medical Corporation Ltd," Hospitals , Healthcare", Hospitals, India's Top 500, Head Office," New Delhi / Delhi 
	- 110076"
Indusind Bank Ltd (Hinduja), BFSI, Banks, India's Top 500, Head Office," Mumbai / Maharashtra 
	- 400013"
Info Edge (India) Ltd (Naukri.com), E -Commerce, India's Top 500,ce: Head Office,"/ Uttar Pradesh 
	- 201301"," Noida / Uttar Pradesh 
	- 201301"
Infosys Ltd, Information Technology (IT)," IT Software , QA -Testing", India's Top 500, Head Office," Bangalore / Bengaluru / Karnataka 
	- 560100"
IOL Chemicals and Pharmaceuticals Ltd, Chemical, Industrial Chemical, India's Top 500, Head Office," Ludhiana / Punjab 
	- 141003"
Ipca Laboratories Ltd," Pharmaceuticals , Labs", Pharmaceuticals, India's Top 500, Head Office," Mumbai / Maharashtra 
	- 400067"
IRB Infrastructure Developers Ltd," Construction, Infrastructure", Infrastructure, India's Top 500, Head Office," Mumbai / Maharashtra 
	- 400072"
Ircon International Ltd," Construction, Infrastructure, Ministeries , Govt Bodies , Associations"," Infrastructure, Govt Bodies", India's Top 500, Head Office," New Delhi / Delhi 
	- 110017"
Isgec Heavy Engineering Ltd," Engineering, Capital Goods , Machines"," Machineries , Instruments", India's Top 500, Head Office," Noida / Uttar Pradesh 
	- 201301"
ITC Ltd," Food , FMCG , Agriculture, Hotels & Restaurants, Information Technology (IT), Paper , Publishing , Printing"," FMCG, Budget Hotels, IT Software , QA -Testing, Printing", India's Top 500, Head Office," Kolkata / West Bengal 
	- 700071"
ITD Cementation India Ltd," Construction, Infrastructure"," Housing , Commercial", India's Top 500, Head Office," Mumbai / Maharashtra 
	- 400057"
IVRCL Ltd," Construction, Infrastructure"," Infrastructure, Construction Engineering", India's Top 500, Head Office," Hyderabad / Telangana 
	- 500034"
J&K; Bank Ltd, BFSI, Banks, India's Top 500, Head Office," Srinagar / Jammu & Kashmir 
	- 190001"
Jagran Prakashan Ltd," Advertising , Media"," Newspapers ,  Magazines , Journals", India's Top 500, Head Office," Kanpur / Uttar Pradesh 
	- 208005"
Jaiprakash Power Ventures Ltd," Power , Energy"," Energy , Power Generation", India's Top 500, Head Office," Noida / Uttar Pradesh 
	- 201304"
Jay Bharat Maruti Ltd," Automobile , Auto Ancillaries", Auto Ancillaries, India's Top 500, Head Office," Gurgaon / Gurugram / Haryana 
	- 122002"
JBF Industries Ltd," Garment , Textile"," Yarn , Fibre , Thread , Textile ,Accessories", India's Top 500, Head Office," Mumbai / Maharashtra 
	- 400021"
Jet Airways (India) Ltd," Airlines , Aviation , Defence", Airlines, India's Top 500, Head Office," Mumbai / Maharashtra 
	- 400099"
Jindal Saw Ltd, Engineering," Machineries , Instruments", India's Top 500, Head Office," New Delhi / Delhi 
	- 110066"
JK Cement Ltd," Cement , Marble , Stone etc", India's Top 500,ce: Head Office," / Uttar Pradesh 
	- 208001"," Kanpur / Uttar Pradesh 
	- 208001"
JK Lakshmi Cement Ltd," Cement , Marble , Stone etc", India's Top 500,ce: Head Office,"lhi / Delhi 
	- 110002"," New Delhi / Delhi 
	- 110002"
JK Paper Ltd," Paper , Publishing , Printing"," Pulp , Paper", India's Top 500, Head Office," New Delhi / Delhi 
	- 110002"
JK Tyre & Industries Ltd," Automobile , Auto Ancillaries", Auto Ancillaries, India's Top 500, Head Office," New Delhi / Delhi 
	- 110002"
JSW Energy Ltd," Power , Energy"," Energy , Power Generation, Distribution , Storage", India's Top 500, Head Office," Mumbai / Maharashtra 
	- 400051"
JSW Steel Ltd, Iron & Steel, Iron & Steel, India's Top 500, Head Office," Mumbai / Maharashtra 
	- 400051"
Jubilant Life Sciences Ltd," Pharmaceuticals , Labs", Pharmaceuticals, India's Top 500, Head Office," Noida / Uttar Pradesh 
	- 201301"
JVL Agro Industries Ltd(Jhunjhunwala Vanaspati Ltd)," Food , FMCG , Agriculture"," Edible Oil , Products", India's Top 500, Head Office," Varanasi / Uttar Pradesh 
	- 221001"
Jyothy Laboratories Ltd," Food , FMCG , Agriculture", FMCG, India's Top 500, Head Office," Mumbai / Maharashtra 
	- 400059"
Kajaria Ceramics Ltd," Cement , Marble , Stone etc", India's Top 500,ce: Head Office,"lhi / Delhi 
	- 110044"," New Delhi / Delhi 
	- 110044"
Kalpataru Power Transmission Ltd," Power , Energy"," Electrical , Power Infrastructure", India's Top 500, Head Office," Gandhinagar / Gujarat 
	- 382028"
Kalyani Steels Ltd, Iron & Steel, Iron & Steel, India's Top 500, Head Office," Pune / Maharashtra 
	- 411036"
Kansai Nerolac Paints Ltd, Chemical," Paints , Adhesives", India's Top 500, Head Office," Mumbai / Maharashtra 
	- 400013"
Karnataka Bank Ltd, BFSI, Banks, India's Top 500, Head Office," Mangalore / Karnataka 
	- 575002"
Kaveri Seed Company Ltd," Food , FMCG , Agriculture"," Agriculture , Horticulture", India's Top 500, Head Office," Hyderabad / Telangana 
	- 500003"
KEC International Ltd," Power , Energy"," Distribution , Storage, Electrical , Power Infrastructure", India's Top 500, Head Office," Mumbai / Maharashtra 
	- 400030"
Kesoram Industries Ltd," Chemical, Garment , Textile, Paper , Publishing , Printing, Automobile , Auto Ancillaries, Cement , Marble , Stone etc"," Industrial Chemical, Pulp , Paper, Yarn , Fibre , Thread , Textile ,Accessories, Auto Ancillaries", India's Top 500, Head Office," Kolkata / West Bengal 
	- 700001"
Kirloskar Electric Co Ltd," Electrical , Electronics"," Electrical , Electronics", India's Top 500, Head Office," Bangalore / Bengaluru / Karnataka 
	- 560055"
Kirloskar Ferrous Industries Ltd, Iron & Steel, Iron & Steel, India's Top 500, Head Office," Pune / Maharashtra 
	- 411003"
Kirloskar Oil Engines Ltd, Engineering," Machineries , Instruments", India's Top 500, Head Office," Pune / Maharashtra 
	- 411003"
Kitex Garments Ltd," Garment , Textile", Readymade Garments, India's Top 500, Head Office," Ernakulam / Kerala 
	- 683562"
Kokuyo Camlin Ltd," Office Automation , Stationery", India's Top 500,ce: Head Office," / Maharashtra 
	- 400093"," Mumbai / Maharashtra 
	- 400093"
Kotak Mahindra Bank Ltd., BFSI, Banks, India's Top 500, Head Office," Mumbai / Maharashtra 
	- 400097"
Kothari Products Ltd," Food , FMCG , Agriculture", Food Processing, India's Top 500, Head Office," Kanpur / Uttar Pradesh 
	- 208001"
KPR Mill Ltd," Garment , Textile"," Yarn , Fibre , Thread , Textile ,Accessories, Textile Machines", India's Top 500, Head Office," Coimbatore / Tamil Nadu 
	- 641018"
KRBL Ltd," Export , Import  Houses, Food , FMCG , Agriculture"," FMCG, Export Houses", India's Top 500, Head Office," Noida / Uttar Pradesh 
	- 201301"
Kwality Ltd," Food , FMCG , Agriculture"," Dairy , Products", India's Top 500, Head Office," New Delhi / Delhi 
	- 110027"
L.T Foods Ltd," Food , FMCG , Agriculture"," Agriculture , Horticulture", India's Top 500, Head Office," Gurgaon / Gurugram / Haryana 
	- 122002"
Lakshmi Energy and Foods Ltd," Food , FMCG , Agriculture"," Agriculture , Horticulture", India's Top 500, Head Office," Samrala / Punjab 
	- 141801"
Lakshmi Machine Works Ltd," Garment , Textile, Engineering, Capital Goods , Machines"," Textile Machines, Machineries , Instruments", India's Top 500, Head Office," Coimbatore / Tamil Nadu 
	- 641020"
Larsen & Toubro Ltd," Construction, Infrastructure, Engineering"," Infrastructure, Construction Engineering, Machineries , Instruments, Designing & Services", India's Top 500, Head Office," Mumbai / Maharashtra 
	- 400001"
LEEL Electricals Ltd (Lloyd Electric )," Engineering, Capital Goods , Machines"," Machineries , Instruments", India's Top 500, Head Office," New Delhi / Delhi 
	- 110020"
LIC Housing Finance Ltd, BFSI, Financial Services, India's Top 500, Head Office," Mumbai / Maharashtra 
	- 400005"
Linde India Ltd," Petroleum , Oil , Gas , Refineries"," Petrol , Oil , Gas Products", India's Top 500, Head Office," Kolkata / West Bengal 
	- 700088"
LT Foods Ltd (Daawat)," Food , FMCG , Agriculture", Food Processing, India's Top 500, Head Office," Gurgaon / Gurugram / Haryana 
	- 122001"
Lumax Industries Ltd," Automobile , Auto Ancillaries", Auto Ancillaries, India's Top 500, Head Office," Gurgaon / Gurugram / Haryana 
	- 122015"
Lupin Ltd," Pharmaceuticals , Labs", Pharmaceuticals, India's Top 500, Head Office," Mumbai / Maharashtra 
	- 400055"
Magma Fincorp Ltd, BFSI, Financial Services, India's Top 500, Head Office," Kolkata / West Bengal 
	- 700016"
Mahanagar Gas Ltd," Petroleum , Oil , Gas , Refineries"," Distribution , Marketing", India's Top 500, Head Office," Mumbai / Maharashtra 
	- 400051"
Mahanagar Telephone Nigam Ltd," Telecommunication , Mobile", Telecom VAS, India's Top 500, Head Office," New Delhi / Delhi 
	- 110003"
Maharashtra Seamless Ltd, Iron & Steel, Iron & Steel, India's Top 500, Head Office," Gurgaon / Gurugram / Haryana 
	- 122001"
Mahindra & Mahindra Financial Services Ltd, BFSI, Financial Services, India's Top 500, Head Office," Mumbai / Maharashtra 
	- 400018"
Mahindra & Mahindra Ltd," Automobile , Auto Ancillaries", Automobiles, India's Top 500, Head Office," Mumbai / Maharashtra 
	- 400018"
Mahindra CIE Automotive Ltd, Engineering," Machineries , Instruments", India's Top 500, Head Office," Mumbai / Maharashtra 
	- 400018"
Mahindra Lifespace Developers Ltd," Construction, Infrastructure", Estate Services, India's Top 500, Head Office," Mumbai / Maharashtra 
	- 400018"
Man Industries India Ltd, Iron & Steel, Iron & Steel, India's Top 500, Head Office," Mumbai / Maharashtra 
	- 400056"
Manappuram Finance Ltd, BFSI, Financial Services, India's Top 500, Head Office," Thrissur / Kerala 
	- 680567"
Mandhana Industries Ltd," Garment , Textile"," Yarn , Fibre , Thread , Textile ,Accessories", India's Top 500, Head Office," Mumbai / Maharashtra 
	- 400012"
Mangalore Chemicals & Fertilizers Ltd, Chemical, Agro Chemical, India's Top 500, Head Office," Bangalore / Bengaluru / Karnataka 
	- 560001"
Mangalore Refinery And Petrochemicals Ltd," Petroleum , Oil , Gas , Refineries"," Petrol , Oil , Gas Products, Refineries", India's Top 500, Head Office," Mangalore / Karnataka 
	- 575030"
Manpasand Beverages Ltd," Food , FMCG , Agriculture", Beverages, India's Top 500, Head Office," Savli / Gujarat 
	- 391775"
Marico Ltd," Food , FMCG , Agriculture", FMCG, India's Top 500, Head Office," Mumbai / Maharashtra 
	- 400050"
Maruti Suzuki India Ltd," Automobile , Auto Ancillaries", Automobiles, India's Top 500, Head Office," New Delhi / Delhi 
	- 110070"
MBL Infrastructures Ltd," Construction, Infrastructure", Infrastructure, India's Top 500, Head Office," New Delhi / Delhi 
	- 110025"
Mcleod Russel India Ltd," Food , FMCG , Agriculture"," Agriculture , Horticulture", India's Top 500, Head Office," Kolkata / West Bengal 
	- 700001"
Mcnally Bharat Engineering Co Ltd, Engineering," Machineries , Instruments", India's Top 500, Head Office," Kolkata / West Bengal 
	- 700156"
Minda Industries Ltd," Automobile , Auto Ancillaries", Auto Ancillaries, India's Top 500, Head Office," Gurgaon / Gurugram / Haryana 
	- 122004"
MindTree Ltd, Information Technology (IT)," IT Software , QA -Testing", India's Top 500, Head Office," Bangalore / Bengaluru / Karnataka 
	- 560059"
MMTC Ltd," Export , Import  Houses, Mineral , Metal , Mining"," Metallic, Export Houses, Non Metallic", India's Top 500, Head Office," New Delhi / Delhi 
	- 110003"
MOIL Ltd(Manganese Ore India Ltd)," Mineral , Metal , Mining", Metallic, India's Top 500, Head Office," Nagpur / Maharashtra 
	- 440013"
Motherson Sumi Systems Ltd," Electrical , Electronics, Automobile , Auto Ancillaries"," Electrical , Electronics, Auto Ancillaries", India's Top 500, Head Office," Noida / Uttar Pradesh 
	- 201301"
Mphasis Ltd, Information Technology (IT)," IT Software , QA -Testing", India's Top 500, Head Office," Bangalore / Bengaluru / Karnataka 
	- 560048"
MRF Ltd," Automobile , Auto Ancillaries", Auto Ancillaries, India's Top 500, Head Office," Chennai / Tamil Nadu 
	- 600006"
MSP Steel & Power Ltd, Iron & Steel, Iron & Steel, India's Top 500, Head Office," Kolkata / West Bengal 
	- 700069"
Mukand Ltd, Iron & Steel, Iron & Steel, India's Top 500, Head Office," Mumbai / Maharashtra 
	- 400605"
Munjal Showa Ltd," Automobile , Auto Ancillaries", Auto Ancillaries, India's Top 500, Head Office," Gurgaon / Gurugram / Haryana 
	- 122014"
Muthoot Finance Ltd, BFSI, Financial Services, India's Top 500, Head Office," Ernakulam / Kerala 
	- 682018"
N R Agarwal Industries Ltd," Paper , Publishing , Printing"," Pulp , Paper", India's Top 500, Head Office," Mumbai / Maharashtra 
	- 400053"
Nahar Industrial Enterprises Ltd," Garment , Textile"," Yarn , Fibre , Thread , Textile ,Accessories", India's Top 500, Head Office," Ludhiana / Punjab 
	- 141010"
Nahar Spinning Mills Ltd," Export , Import  Houses, Garment , Textile"," Yarn , Fibre , Thread , Textile ,Accessories, Export Houses", India's Top 500, Head Office," Ludhiana / Punjab 
	- 141003"
Nandan Denim Ltd," Garment , Textile", Readymade Garments, India's Top 500, Head Office," Ahmedabad / Gujarat 
	- 380015"
National Aluminium Company Ltd," Mineral , Metal , Mining", Metallic, India's Top 500, Head Office," Bhubaneswar / Orissa 
	- 751013"
National Fertilizers Ltd, Chemical, Agro Chemical, India's Top 500, Head Office," Noida / Uttar Pradesh 
	- 201301"
National Steel & Agro Industries Ltd, Iron & Steel, Iron & Steel, India's Top 500, Head Office," Indore / Madhya Pradesh 
	- 452001"
Nava Bharat Ventures Ltd," Power , Energy"," Energy , Power Generation, Distribution , Storage", India's Top 500, Head Office," Hyderabad / Telangana 
	- 500034"
NBCC India Ltd," Construction, Infrastructure, Ministeries , Govt Bodies , Associations"," Construction Engineering, Govt Bodies", India's Top 500, Head Office," New Delhi / Delhi 
	- 110003"
NCC Ltd," Construction, Infrastructure"," Housing , Commercial", India's Top 500, Head Office," Hyderabad / Telangana 
	- 500081"
Nectar Lifesciences Ltd," Pharmaceuticals , Labs", Pharmaceuticals, India's Top 500, Head Office," Chandigarh / Chandigarh 
	- 160009"
Nestle India Ltd," Food , FMCG , Agriculture"," FMCG, Dairy , Products, Food Processing", India's Top 500, Head Office," Gurgaon / Gurugram / Haryana 
	- 122002"
NHPC Ltd," Power , Energy"," Energy , Power Generation", India's Top 500, Head Office," Faridabad / Haryana 
	- 121003"
NIIT Technologies Ltd, Information Technology (IT)," IT Software , QA -Testing", India's Top 500, Head Office," Noida / Uttar Pradesh 
	- 201301"
Nile Ltd," Iron & Steel, Engineering"," Machineries , Instruments, Iron & Steel", India's Top 500, Head Office," Hyderabad / Telangana 
	- 500076"
Nilkamal Ltd," Wood , Plastic  Furniture , Fixtures , Fittings", India's Top 500,ce: Head Office," / Maharashtra 
	- 400093"," Mumbai / Maharashtra 
	- 400093"
Nitin Spinners Ltd," Garment , Textile"," Yarn , Fibre , Thread , Textile ,Accessories", India's Top 500, Head Office," Bhilwara / Rajasthan 
	- 311025"
NLC India Ltd," Power , Energy"," Energy , Power Generation", India's Top 500, Head Office," Cuddalore / Tamil Nadu 
	- 607801"
NMDC Ltd," Mineral , Metal , Mining", Mining, India's Top 500, Head Office," Hyderabad / Telangana 
	- 500028"
NTPC Ltd," Power , Energy"," Energy , Power Generation", India's Top 500, Head Office," New Delhi / Delhi 
	- 110003"
Oil and Natural Gas Corporation Ltd (ONGC )," Petroleum , Oil , Gas , Refineries"," Exploration , Production , Storage, Distribution , Marketing", India's Top 500, Head Office," New Delhi / Delhi 
	- 110070"
Oil India Ltd," Petroleum , Oil , Gas , Refineries"," Exploration , Production , Storage, Distribution , Marketing", India's Top 500, Head Office," Noida / Uttar Pradesh 
	- 201301"
Olympic Oil Industries Ltd," Food , FMCG , Agriculture, Paper , Publishing , Printing"," FMCG, Edible Oil , Products, Pulp , Paper", India's Top 500, Head Office," Mumbai / Maharashtra 
	- 400051"
Omaxe Ltd," Construction, Infrastructure"," Housing , Commercial", India's Top 500, Head Office," New Delhi / Delhi 
	- 110019"
Optiemus Infracom Ltd (Akanksha Cellular Ltd)," Telecommunication , Mobile"," Telecom Infrastructure , Equipments", India's Top 500, Head Office," Noida / Uttar Pradesh 
	- 201301"
Oracle Financial Services Software Ltd, Information Technology (IT)," IT Software , QA -Testing", India's Top 500, Head Office," Mumbai / Maharashtra 
	- 400057"
Orchid Pharma Ltd," Pharmaceuticals , Labs", Pharmaceuticals, India's Top 500, Head Office," Chennai / Tamil Nadu 
	- 600034"
Orient Cement Ltd," Cement , Marble , Stone etc", India's Top 500,ce: Head Office,"bad / Telangana 
	- 500063"," Hyderabad / Telangana 
	- 500063"
Oriental Bank Of Commerce, BFSI, Banks, India's Top 500, Head Office," Gurgaon / Gurugram / Haryana 
	- 122001"
Parag Milk Foods Ltd," Food , FMCG , Agriculture"," Dairy , Products", India's Top 500, Head Office," Mumbai / Maharashtra 
	- 400021"
Patel Engineering Ltd," Construction, Infrastructure"," Infrastructure, Construction Engineering", India's Top 500, Head Office," Mumbai / Maharashtra 
	- 400102"
Paul Merchants Ltd, BFSI, Financial Services, India's Top 500, Head Office," Chandigarh / Chandigarh 
	- 160023"
PC Jeweller Ltd," Gems , Jewellery , Watches, Retail"," Gems , Jewellery, Jewellery , Watches", India's Top 500, Head Office," New Delhi / Delhi 
	- 110005"
Persistent Systems Ltd, Information Technology (IT)," IT Software , QA -Testing", India's Top 500, Head Office," Pune / Maharashtra 
	- 411016"
Petronet LNG Ltd," Petroleum , Oil , Gas , Refineries"," Distribution , Marketing", India's Top 500, Head Office," New Delhi / Delhi 
	- 110001"
Pfizer Ltd," Pharmaceuticals , Labs", Pharmaceuticals, India's Top 500, Head Office," Mumbai / Maharashtra 
	- 400051"
Phillips Carbon Black Ltd, Chemical, Industrial Chemical, India's Top 500, Head Office," Kolkata / West Bengal 
	- 700001"
PI Industries Ltd, Chemical, Agro Chemical, India's Top 500, Head Office," Gurgaon / Gurugram / Haryana 
	- 122009"
Pidilite Industries Ltd, Chemical," Industrial Chemical, Paints , Adhesives", India's Top 500, Head Office," Mumbai / Maharashtra 
	- 400059"
Piramal Enterprises Ltd," Pharmaceuticals , Labs", Pharmaceuticals, India's Top 500, Head Office," Mumbai / Maharashtra 
	- 400013"
Power Finance Corporation Ltd, BFSI, Financial Services, India's Top 500, Head Office," New Delhi / Delhi 
	- 110001"
Power Grid Corporation Of India Ltd," Power , Energy"," Energy , Power Generation", India's Top 500, Head Office," Gurgaon / Gurugram / Haryana 
	- 122001"
Prakash Industries Ltd, Iron & Steel, Iron & Steel, India's Top 500, Head Office," New Delhi / Delhi 
	- 110061"
Pratibha Industries Ltd," Construction, Infrastructure"," Housing , Commercial", India's Top 500, Head Office," Mumbai / Maharashtra 
	- 400043"
Prestige Estates Projects Ltd," Construction, Infrastructure"," Housing , Commercial", India's Top 500, Head Office," Bangalore / Bengaluru / Karnataka 
	- 560001"
Pricol Ltd," Automobile , Auto Ancillaries", Auto Ancillaries, India's Top 500, Head Office," Coimbatore / Tamil Nadu 
	- 641018"
Prism Cement Ltd," Cement , Marble , Stone etc", India's Top 500,ce: Head Office," / Maharashtra 
	- 400054"," Mumbai / Maharashtra 
	- 400054"
Procter & Gamble Hygiene & Health Care Ltd.," Food , FMCG , Agriculture", FMCG, India's Top 500, Head Office," Mumbai / Maharashtra 
	- 400099"
PTC India Ltd," Power , Energy"," Distribution , Storage", India's Top 500, Head Office," New Delhi / Delhi 
	- 110066"
Punj Lloyd Ltd," Construction, Infrastructure, Engineering"," Infrastructure, Construction Engineering, Designing & Services", India's Top 500, Head Office," Gurgaon / Gurugram / Haryana 
	- 122001"
Punjab and Sind Bank, BFSI, Banks, India's Top 500, Head Office," New Delhi / Delhi 
	- 110008"
Punjab National Bank, BFSI, Banks, India's Top 500, Head Office," New Delhi / Delhi 
	- 110075"
PVR Ltd," Advertising , Media, Entertainment"," Production , Distribution , Equipment, Theatres , Multiplexes", India's Top 500, Head Office," Gurgaon / Gurugram / Haryana 
	- 122002"
Radico Khaitan Ltd," Food , FMCG , Agriculture", Beverages, India's Top 500, Head Office," New Delhi / Delhi 
	- 110044"
Rajesh Exports Ltd," Export , Import  Houses, Gems , Jewellery , Watches"," Export Houses, Gems , Jewellery", India's Top 500, Head Office," Bangalore / Bengaluru / Karnataka 
	- 560001"
Rallis India Ltd, Chemical, Agro Chemical, India's Top 500, Head Office," Mumbai / Maharashtra 
	- 400021"
Ramky Infrastructure Ltd," Construction, Infrastructure", Infrastructure, India's Top 500, Head Office," Hyderabad / Telangana 
	- 500032"
Rashtriya Chemicals & Fertilizers Ltd, Chemical," Agro Chemical, Industrial Chemical", India's Top 500, Head Office," Mumbai / Maharashtra 
	- 400022"
Ratnamani Metals & Tubes Ltd," Mineral , Metal , Mining", Metallic, India's Top 500, Head Office," Ahmedabad / Gujarat 
	- 380013"
RattanIndia Power Ltd," Power , Energy"," Energy , Power Generation", India's Top 500, Head Office," New Delhi / Delhi 
	- 110037"
Raymond Ltd," Retail, Garment , Textile"," Readymade Garments, Apparel Stores", India's Top 500, Head Office," Mumbai / Maharashtra 
	- 400018"
Redington India Ltd," Entertainment, Information Technology (IT)"," Entertainment Product, IT- Hardware", India's Top 500, Head Office," Chennai / Tamil Nadu 
	- 600032"
Relaxo Footwears Ltd," Leather , Accessories", India's Top 500,ce: Head Office,"lhi / Delhi 
	- 110085"," New Delhi / Delhi 
	- 110085"
Reliance Capital Ltd, BFSI, Financial Services, India's Top 500, Head Office," Mumbai / Maharashtra 
	- 400055"
Reliance Communications Ltd," Telecommunication , Mobile", Telecom VAS, India's Top 500, Head Office," Mumbai / Maharashtra 
	- 400709"
Reliance Industries Ltd," Petroleum , Oil , Gas , Refineries"," Exploration , Production , Storage, Distribution , Marketing", India's Top 500, Head Office," Mumbai / Maharashtra 
	- 400038"
Reliance Infrastructure Ltd," Power , Energy"," Energy , Power Generation, Distribution , Storage, Electrical , Power Infrastructure", India's Top 500, Head Office," Mumbai / Maharashtra 
	- 400092"
Responsive Industries Ltd," Wood , Plastic  Furniture , Fixtures , Fittings", India's Top 500,ce: Head Office," / Maharashtra 
	- 400001"," Mumbai / Maharashtra 
	- 400001"
Ricoh India Ltd," Information Technology (IT), Paper , Publishing , Printing"," IT- Hardware, Printing", India's Top 500, Head Office," New Delhi / Delhi 
	- 110020"
Rolta India Ltd," Information Technology (IT), Engineering"," IT Software , QA -Testing, Designing & Services", India's Top 500, Head Office," Mumbai / Maharashtra 
	- 400093"
RSWM Ltd," Garment , Textile"," Yarn , Fibre , Thread , Textile ,Accessories", India's Top 500, Head Office," Noida / Uttar Pradesh 
	- 201301"
Rupa & Company Ltd," Garment , Textile", Readymade Garments, India's Top 500, Head Office," Kolkata / West Bengal 
	- 700071"
Rural Electrification Corporation Ltd," Power , Energy"," Energy , Power Generation", India's Top 500, Head Office," New Delhi / Delhi 
	- 110003"
S Kumars Nationwide Ltd," Retail, Garment , Textile"," Yarn , Fibre , Thread , Textile ,Accessories, Apparel Stores", India's Top 500, Head Office," Mumbai / Maharashtra 
	- 400013"
Sadbhav Engineering Ltd," Construction, Infrastructure", Infrastructure, India's Top 500, Head Office," Ahmedabad / Gujarat 
	- 380009"
Sanofi India Ltd," Pharmaceuticals , Labs", Pharmaceuticals, India's Top 500, Head Office," Mumbai / Maharashtra 
	- 400072"
Sanwaria Consumer Ltd," Food , FMCG , Agriculture"," Edible Oil , Products", India's Top 500, Head Office," Bhopal / Madhya Pradesh 
	- 462016"
Sarda Energy & Minerals Ltd, Iron & Steel, Iron & Steel, India's Top 500, Head Office," Raipur / Chattisgarh 
	- 493111"
Savita Oil Technologies Ltd," Chemical, Petroleum , Oil , Gas , Refineries"," Plastics , Rubber , Resins , Polymers, Petrol , Oil , Gas Products", India's Top 500, Head Office," Mumbai / Maharashtra 
	- 400021"
Schneider Electric Infrastructure Ltd," Electrical , Electronics"," Electrical , Electronics", India's Top 500, Head Office," Gurgaon / Gurugram / Haryana 
	- 122002"
Seshasayee Paper & Boards Ltd," Paper , Publishing , Printing"," Pulp , Paper", India's Top 500, Head Office," Tiruchengode / Tamil Nadu 
	- 637211"
Shoppers Stop Ltd," Retail, E -Commerce", Apparel Stores, India's Top 500, Head Office," Mumbai / Maharashtra 
	- 400064"
Shree Cement Ltd," Cement , Marble , Stone etc", India's Top 500,ce: Head Office,"a / West Bengal 
	- 700001"," Kolkata / West Bengal 
	- 700001"
Shree Renuka Sugars Ltd," Food , FMCG , Agriculture", Sugar, India's Top 500, Head Office," Belgaum / Karnataka 
	- 590001"
Shrenuj & Company Ltd," Gems , Jewellery , Watches"," Gems , Jewellery", India's Top 500, Head Office," Mumbai / Maharashtra 
	- 400051"
Shriram City Union Finance Ltd, BFSI, Financial Services, India's Top 500, Head Office," Chennai / Tamil Nadu 
	- 600004"
Shriram Transport Finance Co Ltd, BFSI, Financial Services, India's Top 500, Head Office," Mumbai / Maharashtra 
	- 400051"
Siemens Ltd," Electrical , Electronics, Engineering"," Machineries , Instruments, Electrical , Electronics", India's Top 500, Head Office," Mumbai / Maharashtra 
	- 400030"
Simplex Infrastructures Ltd," Construction, Infrastructure", Infrastructure, India's Top 500, Head Office," Kolkata / West Bengal 
	- 700017"
Sintex Industries Ltd," Garment , Textile"," Yarn , Fibre , Thread , Textile ,Accessories", India's Top 500, Head Office," Kalol / Gujarat 
	- 382721"
Siyaram Silk Mills Ltd.," Garment , Textile", Readymade Garments, India's Top 500, Head Office," Mumbai / Maharashtra 
	- 400013"
SJVN Ltd," Power , Energy"," Energy , Power Generation", India's Top 500, Head Office," Shimla / Himachal Pradesh 
	- 171006"
SKF India Ltd," Automobile , Auto Ancillaries", Auto Ancillaries, India's Top 500, Head Office," Pune / Maharashtra 
	- 411033"
Sobha Ltd," Construction, Infrastructure"," Housing , Commercial", India's Top 500, Head Office," Bangalore / Bengaluru / Karnataka 
	- 560103"
Somany Ceramics Ltd," Cement , Marble , Stone etc", India's Top 500,ce: Head Office,"rgarh / Haryana 
	- 124507"," Bahadurgarh / Haryana 
	- 124507"
Sona Koyo Steering Systems Ltd," Automobile , Auto Ancillaries", Auto Ancillaries, India's Top 500, Head Office," Gurgaon / Gurugram / Haryana 
	- 122002"
South Indian Bank Ltd, BFSI, Banks, India's Top 500, Head Office," Thrissur / Kerala 
	- 680001"
SPIC Ltd," Chemical, Petroleum , Oil , Gas , Refineries, Pharmaceuticals , Labs, Engineering"," Agro Chemical, Pharmaceuticals, Designing & Services, Exploration , Production , Storage", India's Top 500, Head Office," Chennai / Tamil Nadu 
	- 600032"
SpiceJet Ltd," Airlines , Aviation , Defence", Airlines, India's Top 500, Head Office," Gurgaon / Gurugram / Haryana 
	- 122016"
Splendid Metal Products Ltd," Mineral , Metal , Mining, Power , Energy, Telecommunication , Mobile, Engineering"," Metallic, Equipments, Telecom Infrastructure , Equipments, Machineries , Instruments", India's Top 500, Head Office," Hyderabad / Telangana 
	- 500082"
SREI Infrastructure Finance Ltd, BFSI, Financial Services, India's Top 500, Head Office," Kolkata / West Bengal 
	- 700046"
SRF Ltd," Chemical, Courier , Logistics , Packaging , Transport, Garment , Textile"," Industrial Chemical, Packaging-Material , Machinery, Yarn , Fibre , Thread , Textile ,Accessories", India's Top 500, Head Office," Gurgaon / Gurugram / Haryana 
	- 122003"
SRS Ltd," Entertainment, Gems , Jewellery , Watches, Hotels & Restaurants, Retail, Garment , Textile"," Theatres , Multiplexes, Budget Hotels, Readymade Garments, Gems , Jewellery, Apparel Stores", India's Top 500, Head Office," Faridabad / Haryana 
	- 121003"
State Bank Of India, BFSI, Banks, India's Top 500, Head Office," Mumbai / Maharashtra 
	- 400021"
Steel Authority of India Ltd, Iron & Steel, Iron & Steel, India's Top 500, Head Office," New Delhi / Delhi 
	- 110003"
Sterlite Technologies Ltd," Information Technology (IT), Power , Energy"," IT- Telecom, Electrical , Power Infrastructure", India's Top 500, Head Office," Pune / Maharashtra 
	- 411001"
Strides Shasun Ltd," Pharmaceuticals , Labs", Pharmaceuticals, India's Top 500, Head Office," Bangalore / Bengaluru / Karnataka 
	- 560076"
Subros Ltd," Automobile , Auto Ancillaries", Auto Ancillaries, India's Top 500, Head Office," New Delhi / Delhi 
	- 110001"
Sun Pharmaceutical Industries Ltd," Pharmaceuticals , Labs", Pharmaceuticals, India's Top 500, Head Office," Mumbai / Maharashtra 
	- 400063"
Sun TV Network Ltd," Advertising , Media"," TV , Radio Channels , News Agency", India's Top 500, Head Office," Chennai / Tamil Nadu 
	- 600028"
Sundaram Clayton Ltd," Automobile , Auto Ancillaries", Auto Ancillaries, India's Top 500, Head Office," Chennai / Tamil Nadu 
	- 600006"
Sundaram Finance Ltd, BFSI, Financial Services, India's Top 500, Head Office," Chennai / Tamil Nadu 
	- 600002"
Sundram Fasteners Ltd," Automobile , Auto Ancillaries", Auto Ancillaries, India's Top 500, Head Office," Chennai / Tamil Nadu 
	- 600004"
Sunflag Iron & Steel Co Ltd, Iron & Steel, Iron & Steel, India's Top 500, Head Office," Nagpur / Maharashtra 
	- 440001"
Supreme Industries Ltd," Wood , Plastic  Furniture , Fixtures , Fittings", India's Top 500,ce: Head Office," / Maharashtra 
	- 400093"," Mumbai / Maharashtra 
	- 400093"
Supreme Infrastructure India Ltd," Construction, Infrastructure", Infrastructure, India's Top 500, Head Office," Mumbai / Maharashtra 
	- 400076"
Supreme Petrochem Ltd," Petroleum , Oil , Gas , Refineries"," Distribution , Marketing", India's Top 500, Head Office," Mumbai / Maharashtra 
	- 400093"
Surya Roshni Ltd," Chemical, Consumer Durables, Home Appliances, Electrical , Electronics, Iron & Steel"," Plastics , Rubber , Resins , Polymers, Iron & Steel, Consumer Goods, Electrical , Electronics", India's Top 500, Head Office," New Delhi / Delhi 
	- 110008"
Sutlej Textiles & Industries Ltd," Garment , Textile"," Yarn , Fibre , Thread , Textile ,Accessories", India's Top 500, Head Office," Mumbai / Maharashtra 
	- 400063"
Syndicate Bank, BFSI, Banks, India's Top 500, Head Office," Bangalore / Bengaluru / Karnataka 
	- 560009"
Tamilnadu Newsprint & Papers Ltd," Paper , Publishing , Printing"," Pulp , Paper", India's Top 500, Head Office," Chennai / Tamil Nadu 
	- 600032"
Tara Jewels Ltd.," Gems , Jewellery , Watches"," Gems , Jewellery", India's Top 500, Head Office," Mumbai / Maharashtra 
	- 400096"
Tata Chemicals Ltd, Chemical," Agro Chemical, Industrial Chemical", India's Top 500, Head Office," Mumbai / Maharashtra 
	- 400001"
Tata Coffee Ltd," Food , FMCG , Agriculture"," Agriculture , Horticulture, Beverages", India's Top 500, Head Office," Bangalore / Bengaluru / Karnataka 
	- 560020"
Tata Communications Ltd," Telecommunication , Mobile", Telecom VAS, India's Top 500, Head Office," Mumbai / Maharashtra 
	- 400028"
Tata Consultancy Services Ltd (TCS), Information Technology (IT)," IT Software , QA -Testing, IT- Consulting", India's Top 500, Head Office," Mumbai / Maharashtra 
	- 400021"
Tata Global Beverages Ltd," Food , FMCG , Agriculture", Beverages, India's Top 500, Head Office," Bangalore / Bengaluru / Karnataka 
	- 560024"
Tata Motors Ltd," Automobile , Auto Ancillaries", Automobiles, India's Top 500, Head Office," Mumbai / Maharashtra 
	- 400001"
Tata Power Company Ltd," Power , Energy"," Energy , Power Generation, Distribution , Storage", India's Top 500, Head Office," Mumbai / Maharashtra 
	- 400001"
Tata Steel Ltd, Iron & Steel, Iron & Steel, India's Top 500, Head Office," Jamshedpur / Jharkhand 
	- 831001"
Tata Teleservices Maharashtra Ltd," Telecommunication , Mobile", Telecom VAS, India's Top 500, Head Office," Mumbai / Maharashtra 
	- 400705"
Tech Mahindra Ltd, Information Technology (IT)," IT Software , QA -Testing", India's Top 500, Head Office," Pune / Maharashtra 
	- 411004"
Texmaco Ltd," Automobile , Auto Ancillaries", Auto Ancillaries, India's Top 500, Head Office," Kolkata / West Bengal 
	- 700056"
Thangamayil Jewellery Ltd," Gems , Jewellery , Watches, Retail"," Gems , Jewellery, Jewellery , Watches", India's Top 500, Head Office," Madurai / Tamil Nadu 
	- 625014"
The Federal Bank Ltd, BFSI, Banks, India's Top 500, Head Office," Aluva / Kerala 
	- 683101"
The Fertilisers and Chemicals Travancore Ltd, Chemical, Agro Chemical, India's Top 500, Head Office," Kochi / Kerala 
	- 683501"
The Great Eastern Shipping Co Ltd," Shipping , Marine", Shipping Agents, India's Top 500, Head Office," Mumbai / Maharashtra 
	- 400018"
The India Cements Ltd.," Cement , Marble , Stone etc", India's Top 500,ce: Head Office,"i / Tamil Nadu 
	- 600028"," Chennai / Tamil Nadu 
	- 600028"
The Karur Vysya Bank Ltd, BFSI, Banks, India's Top 500, Head Office," Karur / Tamil Nadu 
	- 639002"
The Lakshmi Vilas Bank Ltd, BFSI, Banks, India's Top 500, Head Office," Chennai / Tamil Nadu 
	- 600032"
The Ramco Cements Ltd," Cement , Marble , Stone etc", India's Top 500,ce: Head Office,"i / Tamil Nadu 
	- 600004"," Chennai / Tamil Nadu 
	- 600004"
The Shipping Corporation of India Ltd," Shipping , Marine", Shipping Agents, India's Top 500, Head Office," Mumbai / Maharashtra 
	- 400021"
The State Trading Corporation Of India Ltd," Export , Import  Houses, Ministeries , Govt Bodies , Associations"," Govt Bodies, Import Houses, Export Houses", India's Top 500, Head Office," New Delhi / Delhi 
	- 110001"
The West Coast Paper Mills Ltd(Bangur Group)," Paper , Publishing , Printing"," Pulp , Paper", India's Top 500, Head Office," Kolkata / West Bengal 
	- 700016"
Thermax Ltd, Engineering," Machineries , Instruments", India's Top 500, Head Office," Pune / Maharashtra 
	- 411003"
TI Financial Holdings Ltd," BFSI, Engineering"," Financial Services, Machineries , Instruments", India's Top 500, Head Office," Chennai / Tamil Nadu 
	- 600001"
Time Technoplast Ltd," Courier , Logistics , Packaging , Transport"," Packaging-Material , Machinery", India's Top 500, Head Office," Mumbai / Maharashtra 
	- 400072"
Tinplate Company of India Ltd," Mineral , Metal , Mining", Metallic, India's Top 500, Head Office," Kolkata / West Bengal 
	- 700001"
Titan Company Ltd," Gems , Jewellery , Watches, Retail"," Watches, Jewellery , Watches", India's Top 500, Head Office," Bangalore / Bengaluru / Karnataka 
	- 560037"
Torrent Pharmaceuticals Ltd," Pharmaceuticals , Labs", Pharmaceuticals, India's Top 500, Head Office," Ahmedabad / Gujarat 
	- 380009"
Torrent Power Ltd," Power , Energy"," Energy , Power Generation, Distribution , Storage", India's Top 500, Head Office," Ahmedabad / Gujarat 
	- 380015"
Transport Corporation Of India Ltd( TCIL )," Courier , Logistics , Packaging , Transport, Shipping , Marine"," Courier , Logistics , Warehouse , Transport, Shipping Agents", India's Top 500, Head Office," Gurgaon / Gurugram / Haryana 
	- 122001"
Trent Ltd(Westside)," Retail, Garment , Textile"," Readymade Garments, Apparel Stores", India's Top 500, Head Office," Mumbai / Maharashtra 
	- 400051"
Tribhovandas Bhimji Zaveri Ltd," Gems , Jewellery , Watches"," Gems , Jewellery", India's Top 500, Head Office," Mumbai / Maharashtra 
	- 400021"
Trident Ltd," Garment , Textile"," Yarn , Fibre , Thread , Textile ,Accessories, Readymade Garments", India's Top 500, Head Office," Ludhiana / Punjab 
	- 141001"
Triveni Engineering & Industries Ltd ( Sugar )," Food , FMCG , Agriculture", Sugar, India's Top 500, Head Office," Noida / Uttar Pradesh 
	- 201301"
TTK Prestige Ltd," Consumer Durables, Home Appliances", Consumer Goods, India's Top 500, Head Office," Bangalore / Bengaluru / Karnataka 
	- 560016"
TVS Electronics Ltd," Electrical , Electronics, Paper , Publishing , Printing"," Stickers , Labels ,Cards ,Smart Cards , Holograms, Electrical , Electronics", India's Top 500, Head Office," Chennai / Tamil Nadu 
	- 600020"
TVS Motor Company Ltd," Automobile , Auto Ancillaries", Automobiles, India's Top 500, Head Office," Hosur / Tamil Nadu 
	- 635109"
UCO Bank, BFSI, Banks, India's Top 500, Head Office," Kolkata / West Bengal 
	- 700001"
UFlex Ltd," Courier , Logistics , Packaging , Transport"," Packaging-Material , Machinery", India's Top 500, Head Office," Noida / Uttar Pradesh 
	- 201301"
UltraTech Cement Ltd," Cement , Marble , Stone etc", India's Top 500,ce: Head Office," / Maharashtra 
	- 400093"," Mumbai / Maharashtra 
	- 400093"
Unichem Laboratories Ltd.," Pharmaceuticals , Labs", Pharmaceuticals, India's Top 500, Head Office," Mumbai / Maharashtra 
	- 400026"
Union Bank of India, BFSI, Banks, India's Top 500, Head Office," Mumbai / Maharashtra 
	- 400021"
United Bank Of India, BFSI, Banks, India's Top 500, Head Office," Kolkata / West Bengal 
	- 700001"
United Breweries Ltd," Food , FMCG , Agriculture", Beverages, India's Top 500, Head Office," Bangalore / Bengaluru / Karnataka 
	- 560001"
United Spirits Ltd (A Diageo Company)," Food , FMCG , Agriculture", Beverages, India's Top 500, Head Office," Bangalore / Bengaluru / Karnataka 
	- 560001"
UPL Ltd, Chemical, Agro Chemical, India's Top 500, Head Office," Mumbai / Maharashtra 
	- 400051"
Usha Martin Ltd, Iron & Steel, Iron & Steel, India's Top 500, Head Office," Kolkata / West Bengal 
	- 700071"
Ushdev International Ltd.," Export , Import  Houses, Mineral , Metal , Mining, Power , Energy"," Metallic, Energy , Power Generation, Export Houses", India's Top 500, Head Office," Mumbai / Maharashtra 
	- 400001"
Uttam Value Steels Ltd, Iron & Steel, Iron & Steel, India's Top 500, Head Office," Mumbai / Maharashtra 
	- 400009"
V-Guard Industries Ltd," Electrical , Electronics"," Electrical , Electronics", India's Top 500, Head Office," Kochi / Kerala 
	- 682028"
Va Tech Wabag Ltd, Environment, Environment Engineering, India's Top 500, Head Office," Chennai / Tamil Nadu 
	- 600117"
Vakrangee Ltd, Information Technology (IT)," IT Software , QA -Testing", India's Top 500, Head Office," Mumbai / Maharashtra 
	- 400059"
Vardhman Textiles Ltd," Garment , Textile"," Yarn , Fibre , Thread , Textile ,Accessories", India's Top 500, Head Office," Ludhiana / Punjab 
	- 141010"
